{
    "groups": {
        "Group1": {
            "contacts": [
                "+1234567890",
                "+1987654321",
                "+1122334455",
                "+2233445566",
                "+3344556677"
            ]
        },
        "Group 2": {
            "contacts": [
                "+2233445566",
                "+3344556677",
                "+4455667788"
            ]
        },
        "Group 3": {
            "contacts": [
                "+5566778899",
                "+6677889900",
                "+7788990011",
                "+1234567890",
                "+1987654321"
            ]
        }
    }
}